{
  "status": 1,
  "msg": "",
  "data": [
    {
      "id": 1,
      "name": "全国楼凤",
      "src": ""
    },
    {
      "id": 2,
      "name": "高端外围",
      "src": ""
    },
    {
      "id": 3,
      "name": "探花报告",
      "src": ""
    },
    {
      "id": 4,
      "name": "探花视频",
      "src": ""
    },
    {
      "id": 5,
      "name": "茶馆黑榜",
      "src": ""
    },
    {
      "id": 6,
      "name": "测试下拉1",
      "src": ""
    },
    {
      "id": 7,
      "name": "测试下拉2",
      "src": ""
    }
  ]
}